{"cameraMode":{"drawMode":0,"name":"Shaded","section":"Shading Mode"},"sceneLighting":false,"audioPlay":false,"sceneViewState":{"m_AlwaysRefresh":true,"showFog":true,"showSkybox":false,"showFlares":true,"showImageEffects":true,"showParticleSystems":true,"showVisualEffectGraphs":true,"m_FxEnabled":true},"in2DMode":false,"pivot":{"x":11.822051048278809,"y":5.071003437042236,"z":3.2605841159820558},"rotation":{"x":0.25232747197151186,"y":-0.5618811845779419,"z":0.18517090380191804,"w":0.7658044695854187},"size":2.872281312942505,"orthographic":false}