{"cameraMode":{"drawMode":0,"name":"Shaded","section":"Shading Mode"},"sceneLighting":false,"audioPlay":false,"sceneViewState":{"m_AlwaysRefresh":true,"showFog":true,"showSkybox":false,"showFlares":true,"showImageEffects":true,"showParticleSystems":true,"showVisualEffectGraphs":true,"m_FxEnabled":true},"in2DMode":false,"pivot":{"x":-24.769145965576173,"y":0.5685728192329407,"z":6.033541202545166},"rotation":{"x":-0.39761465787887576,"y":0.25025099515914919,"z":-0.11363967508077622,"w":-0.8754803538322449},"size":5.678908348083496,"orthographic":false}